Handle,Title,Tags,Published,Variant SKU,Variant Grams,Variant Inventory Tracker,Variant Inventory Qty,Variant Inventory Policy,Variant Fulfillment Service,Variant Price,Variant Compare At Price,Variant Taxable,Variant Barcode,Cost per item,Status,Photo,Info,Detail,Expiration_date (product.metafields.custom.expiration_date),Stock Status CR (product.metafields.custom.stock_cr),Stock Status NB (product.metafields.custom.stock_nb),Stock Status IN (product.metafields.custom.stock_in),Stock Status BR (product.metafields.custom.stock_br),Wholesaler,
An's Big Fairy Floss Blue(An's 솜사탕 블루),An's 솜사탕 블루(An's Big Fairy Floss Blue),"Confectionaries, Kids",TRUE,112005371,10,shopify,0,deny,manual,6.50,6.50,TRUE,112005371,0,active,O,O,,-,Out of stock,Out of stock,Out of stock,Out of stock,,
An's Big Fairy Floss Pink(An's 솜사탕 핑크),An's 솜사탕 핑크(An's Big Fairy Floss Pink),"Confectionaries, Kids",TRUE,112005372,10,shopify,0,deny,manual,6.50,6.50,TRUE,112005372,0,active,O,O,,-,Out of stock,Out of stock,Out of stock,Out of stock,,
CJ 비비고 누들떡볶이120G(CJ BIBIGO NOODLE TTEOBOKKI 120G),CJ 비비고 누들떡볶이120G(CJ BIBIGO NOODLE TTEOBOKKI 120G),"Instant Foods, Cup Noodles",TRUE,6921524182949,,shopify,41,deny,manual,4.99,4.99,TRUE,6921524182949,2.5,active,O,O,,-,In stock,6 Left,5 Left,In stock,KS,
CJ BIBIGO 김말이 400G(CJ GIMMARI FRIED SEAWEED ROLL),CJ BIBIGO 김말이 400G(CJ GIMMARI FRIED SEAWEED ROLL),"Frozen Foods, New",TRUE,8801007371610,400,shopify,19,deny,manual,8.60,8.60,TRUE,8801007371610,5.33,active,O,O,O,-,2 Left,7 Left,4 Left,6 Left,KS,
CJ BiBiGo 김치 찐만두 700g(CJ Steamed Mandu Kimchi Dumplings 700g),CJ BiBiGo 김치 찐만두 700g(CJ Steamed Mandu Kimchi Dumplings 700g),Dumplings,TRUE,9360319000087,700,shopify,0,deny,manual,22.50,22.50,TRUE,9360319000087,13.25,active,O,O,O,-,Out of stock,Out of stock,Out of stock,Out of stock,KF,
CJ 비비고 왕교자(돼지고기) 700g(CJ Bibigo Mandu(Pork) 700g),CJ Bibigo 돼지고기 왕교자 700g(CJ Mandu Pork Dumplings 700g),"Dumplings, Mild",TRUE,9360319000049,700,shopify,11,deny,manual,22.50,22.50,TRUE,9360319000049,13.25,active,O,O,O,-,5 Left,Out of stock,3 Left,3 Left,KF,
CJ BiBiGo 돼지고기 찐만두 700g(CJ Steamed Mandu Pork Dumplings),CJ BiBiGo 돼지고기 찐만두 700g(CJ Steamed Mandu Pork Dumplings),Dumplings,TRUE,9360319000070,700,shopify,27,deny,manual,22.50,22.50,TRUE,9360319000070,13.25,active,O,O,O,-,6 Left,7 Left,7 Left,7 Left,KF,
CJ BIBIGO 돼지고기&김치 왕교자 700G(CJ MANDU PORK & KIMCHI 700G),CJ BIBIGO 돼지고기&김치 왕교자 700G(CJ MANDU PORK & KIMCHI 700G),"Dumplings, Special",TRUE,9360319000230,700,shopify,10,deny,manual,18.00,22.50,TRUE,9360319000230,10.63,active,O,O,O,Expiration date: 01/10/2025,3 Left,1 Left,6 Left,Out of stock,KS,
CJ 감자수제비가루 500g(CJ Potato Starch Flour 500g),CJ 감자수제비가루 500g(CJ Potato Starch Flour 500g),"Baking, Special",TRUE,8801007159232,500,shopify,3,deny,manual,5.04,7.20,TRUE,8801007159232,4.82,active,O,O,O,Expiration date: 23/07/2025,1 Left,Out of stock,1 Left,1 Left,KFBW,
CJ 김치치즈볶음밥 255g*2(CJ Kimchi Cheese Fried Rice 255g*2),CJ 김치치즈볶음밥 255g*2(CJ Kimchi Cheese Fried Rice 255g*2),"Frozen Foods, Rice",TRUE,8801007894430,510,shopify,0,deny,manual,14.90,14.90,TRUE,8801007894430,8.75,active,O,O,O,-,Out of stock,Out of stock,Out of stock,Out of stock,KF,
CJ 깍두기볶음밥 255g*2(CJ Radish Kimchi Fried Rice 255g*2),CJ 깍두기볶음밥 255g*2(CJ Radish Kimchi Fried Rice 255g*2),"Frozen Foods, Rice",TRUE,807176713297,510,shopify,0,deny,manual,14.90,14.90,TRUE,807176713297,8.75,active,O,O,O,-,Out of stock,Out of stock,Out of stock,Out of stock,KF,
CJ 남해 굴소스 350g(CJ Namhae Oyster Sauce 350g),CJ 남해 굴소스 350g(CJ Namhae Oyster Sauce 350g),Sauces,TRUE,8801007185910,350,shopify,0,deny,manual,12.30,12.30,TRUE,8801007185910,8.2,active,O,O,,-,Out of stock,Out of stock,Out of stock,Out of stock,KS,
CJ 다담 된장찌개 530g(CJ Soybean Paste Stew 530g),CJ 다담 된장찌개 530g(CJ Soybean Paste Stew 530g),Paste,TRUE,807176707623,530,shopify,10,deny,manual,12.70,12.70,TRUE,807176707623,9.03,active,O,O,O,-,3 Left,1 Left,4 Left,2 Left,KF,
CJ 다담 바지락순두부찌개 양념 140g(CJ Sauce For Soft Tofu Stew 140g),CJ 다담 바지락순두부찌개 양념 140g(CJ Sauce For Soft Tofu Stew 140g),Broth,TRUE,807176709283,140,shopify,0,deny,manual,4.60,4.60,TRUE,807176709283,3.24,active,O,O,O,-,Out of stock,Out of stock,Out of stock,Out of stock,KF,
CJ 다담 사골곰탕 100g(CJ Beef Bone Stock Soup 100g),CJ 다담 사골곰탕 100g(CJ Beef Bone Stock Soup 100g),"Broth, Special",TRUE,8801007434001,100,shopify,6,deny,manual,9.04,11.30,TRUE,8801007434001,6.93,active,O,O,,Expiration date: 13/08/2025,6 Left,Out of stock,Out of stock,Out of stock,KS,
CJ 닭볶음탕양념 290g(CJ Sauce For Chicken 290g),CJ 닭볶음탕양념 290g(CJ Sauce For Chicken 290g),Sauces,TRUE,8801007185781,290,shopify,33,deny,manual,6.30,6.30,TRUE,8801007185781,3.77,active,O,O,O,-,In stock,3 Left,In stock,5 Left,KF,
CJ 런천미트 340g(CJ Luncheon Meat (Pork & Chicken) 340g),CJ 런천미트 340g(CJ Luncheon Meat (Pork & Chicken) 340g),Canned Foods,TRUE,8801007026671,340,shopify,24,deny,manual,9.10,9.10,TRUE,8801007026671,0,active,O,O,,-,7 Left,4 Left,8 Left,5 Left,,
CJ 맛있는 콩 순두부 350g(CJ Silken Tofu 350g),CJ 맛있는 콩 순두부 350g(CJ Silken Tofu 350g),Tofu,TRUE,8801007121680,350,shopify,1,deny,manual,3.30,3.30,TRUE,8801007121680,1.43,active,O,O,,-,Out of stock,Out of stock,1 Left,Out of stock,KS,
CJ 맛있는 콩두부(부침용) 300g(CJ Tofu(Firm) 300g),CJ 맛있는 콩두부(부침용) 300g(CJ Tofu(Firm) 300g),"Tofu, Vegan, Glutenfree, Special",TRUE,8801007112497,300,shopify,3,deny,manual,3.28,4.10,TRUE,8801007112497,2.56,active,O,O,,Expiration date: 31/07/2025,Out of stock,2 Left,Out of stock,1 Left,CFC,
CJ 맛있는 콩두부(찌개용) 300g(CJ Tofu(Soft) 300g),CJ 맛있는 콩두부(찌개용) 300g(CJ Tofu(Soft) 300g),"Tofu, Vegan, Glutenfree, Special",TRUE,8801007112480,300,shopify,9,deny,manual,3.28,4.10,TRUE,8801007112480,2.56,active,O,O,,Expiration date: 31/07/2025,Out of stock,Out of stock,Out of stock,9 Left,CFC,
CJ 바삭칩 고소한맛 45G(CJ BASAK CHIP ORIGINAL),CJ 바삭칩 고소한맛 45G(CJ BASAK CHIP ORIGINAL),Snacks,TRUE,8801392022081,45,shopify,30,deny,manual,4.50,4.50,TRUE,8801392022081,2.93,active,O,O,,-,In stock,Out of stock,6 Left,9 Left,KS,
CJ 바삭칩 트러플 45G(CJ BASAK CHIP TRUFFLE),CJ 바삭칩 트러플 45G(CJ BASAK CHIP TRUFFLE),Snacks,TRUE,8801392108907,45,shopify,10,deny,manual,4.50,4.50,TRUE,8801392108907,2.93,active,O,O,,-,Out of stock,Out of stock,2 Left,8 Left,KS,
CJ 밥이랑 야채 27g(CJ Rice Seasoning Mix (Vegetable) 27g),CJ 밥이랑 야채 27g(CJ Rice Seasoning Mix (Vegetable) 27g),Seasonings,TRUE,8801007023342,27,shopify,0,deny,manual,4.80,4.80,TRUE,8801007023342,0,active,O,O,,-,Out of stock,Out of stock,Out of stock,Out of stock,,
CJ 백설 갈색설탕 1kg(CJ Brown Sugar 1kg),CJ 백설 갈색설탕 1kg(CJ Brown Sugar 1kg),Sugar,TRUE,8801007101309,1000,shopify,14,deny,manual,6.80,6.80,TRUE,8801007101309,3.96,active,O,O,O,-,3 Left,5 Left,3 Left,3 Left,KF,
CJ 백설 깨찰빵 믹스 500g(CJ Sesame Bun Mix 500g),CJ 백설 깨찰빵 믹스 500g(CJ Sesame Bun Mix 500g),"Baking, Bakery",TRUE,8801007037011,500,shopify,9,deny,manual,12.60,12.60,TRUE,8801007037011,7.95,active,O,O,O,-,2 Left,4 Left,3 Left,Out of stock,KF,
CJ 백설 돼지갈비양념 290g(CJ Pork Rib BBQ Sauce 290g),CJ 백설 돼지갈비양념 290g(CJ Pork Rib BBQ Sauce 290g),Marinades,TRUE,8801007176314,290,shopify,18,deny,manual,4.50,4.50,TRUE,8801007176314,2.74,active,O,O,O,-,2 Left,8 Left,3 Left,5 Left,KF,
CJ 백설 돼지불고기 양념 290g(CJ Pork Spicy Bulgogi Sauce 290g),CJ 백설 돼지불고기 양념 290g(CJ Pork Spicy Bulgogi Sauce 290g),Marinades,TRUE,8801007176338,290,shopify,36,deny,manual,4.50,4.50,TRUE,8801007176338,2.74,active,O,O,O,-,In stock,4 Left,In stock,5 Left,KF,
CJ 백설 맛소금 500G(CJ SEASONING SALT 500G),CJ 백설 맛소금 500G(CJ SEASONING SALT 500G),Salt,TRUE,8801007230290,500,shopify,13,deny,manual,4.99,4.99,TRUE,8801007230290,1.65,active,O,O,O,-,7 Left,Out of stock,5 Left,1 Left,KF,
CJ 백설 매실청 1.025kg(CJ Plum Syrup 1.025kg),CJ 백설 매실청 1.025kg(CJ Plum Syrup 1.025kg),"Syrup, Cordials",TRUE,8801007343884,1025,shopify,0,deny,manual,17.70,17.70,TRUE,8801007343884,11.52,active,O,O,O,-,Out of stock,Out of stock,Out of stock,Out of stock,CFC,
CJ 백설 소갈비양념 290g(CJ Beef Rib BBQ Sauce 290g),CJ 백설 소갈비양념 290g(CJ Beef Rib BBQ Sauce 290g),Marinades,TRUE,8801007176307,290,shopify,30,deny,manual,4.50,4.50,TRUE,8801007176307,2.74,active,O,O,,-,Out of stock,7 Left,In stock,9 Left,KF,
CJ 백설 소갈비양념 500g(CJ Beef Rib BBQ Sauce 500g),CJ 백설 소갈비양념 500g(CJ Beef Rib BBQ Sauce 500g),Marinades,TRUE,8801007176352,500,shopify,5,deny,manual,7.50,7.50,TRUE,8801007176352,4.42,active,O,O,,-,2 Left,1 Left,2 Left,Out of stock,KF,
CJ 백설 소갈비양념 840g(CJ Beef Rib BBQ Sauce 840g),CJ 백설 소갈비양념 840g(CJ Beef Rib BBQ Sauce 840g),Marinades,TRUE,8801007247151,840,shopify,15,deny,manual,11.30,11.30,TRUE,8801007247151,6.88,active,O,O,,-,4 Left,3 Left,4 Left,4 Left,KF,
CJ 백설 소불고기 양념 290g(CJ Beef Bulgogi Sauce 290g),CJ 백설 소불고기 양념 290g(CJ Beef Bulgogi Sauce 290g),Marinades,TRUE,8801007176321,290,shopify,67,deny,manual,4.50,4.50,TRUE,8801007176321,2.74,active,O,O,,-,In stock,In stock,In stock,In stock,KF,
CJ 백설 소불고기 양념 500g(CJ Beef Bulgogi Sauce 500g),CJ 백설 소불고기 양념 500g(CJ Beef Bulgogi Sauce 500g),Marinades,TRUE,8801007176369,500,shopify,4,deny,manual,7.50,7.50,TRUE,8801007176369,4.42,active,O,O,,-,Out of stock,1 Left,Out of stock,3 Left,KF,
CJ 백설 소불고기 양념 840g(CJ Beef Bulgogi Sauce 840g),CJ 백설 소불고기 양념 840g(CJ Beef Bulgogi Sauce 840g),"Marinades, Special",TRUE,8801007247120,840,shopify,1,deny,manual,9.04,11.30,TRUE,8801007247120,6.88,active,O,O,,Expiration date: 05/08/2025,1 Left,Out of stock,Out of stock,Out of stock,KF,
CJ 백설 우리쌀떡볶이양념 150g(CJ Chilli Sauce For Rice Cake 150g),CJ 백설 우리쌀떡볶이양념 150g(CJ Chilli Sauce For Rice Cake 150g),Sauces,TRUE,8801007434681,150,shopify,59,deny,manual,3.80,3.80,TRUE,8801007434681,2.25,active,O,O,,-,9 Left,In stock,In stock,8 Left,KF,
CJ 백설 통감자 바삭부침가루 1kg(CJ Wheat Flour Pancake Mix W/Potato 1kg),CJ 백설 통감자 바삭부침가루 1kg(CJ Wheat Flour Pancake Mix W/Potato 1kg),Baking,TRUE,8801007004525,1000,shopify,0,deny,manual,9.10,9.10,TRUE,8801007004525,5.59,active,O,O,O,-,Out of stock,Out of stock,Out of stock,Out of stock,KF,
CJ 백설 튀김가루 500G(CJ Frying Mix 500G),CJ 백설 튀김가루 500G(CJ Frying Mix 500G),"Powder, Special",TRUE,8801007150369,500,shopify,17,deny,manual,3.50,3.99,TRUE,8801007150369,2.5,active,O,O,O,Expiration date: 26/08/2025,4 Left,4 Left,7 Left,2 Left,KF,
CJ 백설 하얀설탕 1kg(CJ White Sugar 1kg),CJ 백설 하얀설탕 1kg(CJ White Sugar 1kg),Sugar,TRUE,8801007100838,1000,shopify,6,deny,manual,5.70,5.70,TRUE,8801007100838,3.18,active,O,O,O,-,4 Left,Out of stock,Out of stock,2 Left,KF,
CJ 백설 핫케익믹스 500g(CJ Pancake Mix 500g),CJ 백설 핫케익믹스 500g(CJ Pancake Mix 500g),"Baking, Bakery",TRUE,8801007150338,500,shopify,8,deny,manual,5.10,5.10,TRUE,8801007150338,3.22,active,O,O,O,-,2 Left,2 Left,4 Left,Out of stock,KF,
CJ 백설 호떡믹스 400g(CJ Sweet Korean Pancake Mix 400g),CJ 백설 호떡믹스 400g(CJ Sweet Korean Pancake Mix 400g),Baking,TRUE,807176709122,400,shopify,0,deny,manual,7.99,7.99,TRUE,807176709122,4.42,active,O,O,,-,Out of stock,Out of stock,Out of stock,Out of stock,KFBW,
CJ 백설 흑설탕 1kg(CJ Dark Brown Sugar 1kg),CJ 백설 흑설탕 1kg(CJ Dark Brown Sugar 1kg),Sugar,TRUE,8801007101408,1000,shopify,11,deny,manual,7.20,7.20,TRUE,8801007101408,4.36,active,O,O,O,-,5 Left,2 Left,4 Left,Out of stock,KF,
CJ 비비고 갈비 왕교자 700g(CJ Bibigo Mandu(Korean BBQ Beef) 700g),CJ 비비고 갈비 왕교자 700g(CJ Bibigo Mandu(Korean BBQ Beef) 700g),"Dumplings, Mild",TRUE,9360319000056,700,shopify,25,deny,manual,22.50,22.50,TRUE,9360319000056,0,active,O,O,O,-,6 Left,6 Left,8 Left,5 Left,,
CJ 비비고 김밥용 김 22g(CJ Roasted Seaweed for Wrap & Roll 22g),CJ 비비고 김밥용 김 22g(CJ Roasted Seaweed for Wrap & Roll 22g),"Seaweed, Glutenfree, Halal, Special",TRUE,8801007977645,22,shopify,38,deny,manual,3.84,4.80,TRUE,8801007977645,3.08,active,O,O,O,Expiration date: 25/08/2025,In stock,7 Left,4 Left,Out of stock,KF,
CJ 비비고 김치왕교자 770g(CJ Bibigo Vegetable&Kimchi Dumpling 770g),CJ 비비고 김치왕교자 770g(CJ Bibigo Vegetable&Kimchi Dumpling 770g),"Dumplings, Vegan",TRUE,8801007957609,770,shopify,6,deny,manual,23.90,23.90,TRUE,8801007957609,14.03,active,O,O,O,-,1 Left,1 Left,4 Left,Out of stock,KF,
CJ 비비고 김치치즈 주먹밥 500G(CJ Kimchi Cheese Rice Balls 500G),CJ 비비고 김치치즈 주먹밥 500G(CJ Kimchi Cheese Rice Balls 500G),"Frozen Foods, Rice",TRUE,8801007965161,500,shopify,31,deny,manual,24.80,24.80,TRUE,8801007965161,13.17,active,O,O,O,-,In stock,7 Left,In stock,2 Left,KS,
CJ 비비고 깍두기(파우치) 450G-1(CJ Radish Kimchi (Pouch) 450g-1),CJ 비비고 깍두기(파우치) 450G-1(CJ Radish Kimchi (Pouch) 450g-1),"Kimchi, Banchan",TRUE,8801007922010,450,shopify,8,deny,manual,9.70,9.70,TRUE,8801007922010,5.50,active,O,O,O,-,4 Left,4 Left,Out of stock,Out of stock,CFC,
CJ 비비고 단지 맛김치 500g(CJ BiBiGo Danji Mat Kimchi 500g),CJ 비비고 단지 맛김치 500g(CJ BiBiGo Danji Mat Kimchi 500g),"Kimchi, Banchan",TRUE,8801007147659,500,shopify,13,deny,manual,10.99,10.99,TRUE,8801007147659,7.85,active,O,O,,-,Out of stock,9 Left,3 Left,1 Left,KF,
CJ 비비고 떡볶이컵 (스파이시) 125g(CJ BiBiGo TteokbokkI Cup (Hot&Spicy) 125g),CJ 비비고 떡볶이컵 (스파이시) 125g(CJ BiBiGo TteokbokkI Cup (Hot&Spicy) 125g),"Instant Foods, Cup Noodles, Spicy",TRUE,8801392037092,125,shopify,0,deny,manual,6.50,6.50,TRUE,8801392037092,0,active,O,O,O,-,Out of stock,Out of stock,Out of stock,Out of stock,,
CJ 비비고 떡볶이컵(오리지날) 125g(CJ BiBiGo TteokbokkI Cup(Original) 125g),CJ 비비고 떡볶이컵(오리지날) 125g(CJ BiBiGo TteokbokkI Cup(Original) 125g),"Instant Foods, Cup Noodles",TRUE,8801392037078,125,shopify,0,deny,manual,6.50,6.50,TRUE,8801392037078,0,active,O,O,O,-,Out of stock,Out of stock,Out of stock,Out of stock,,
CJ 비비고 떡볶이컵(치즈) 125g(CJ BiBiGo TteokbokkI Cup(Cheese) 125g),CJ 비비고 떡볶이컵(치즈) 125g(CJ BiBiGo TteokbokkI Cup(Cheese) 125g),"Instant Foods, Mild, Cup Noodles",TRUE,8801392042959,125,shopify,0,deny,manual,6.50,6.50,TRUE,8801392042959,0,active,O,O,O,-,Out of stock,Out of stock,Out of stock,Out of stock,,
CJ 비비고 떡볶이파우치(매운맛) 360g(CJ BiBiGo TteokbokkI Hot & Spicy 360g),CJ 비비고 떡볶이파우치(매운맛) 360g(CJ BiBiGo TteokbokkI Hot & Spicy 360g),"Instant Foods, Instant Noodles, Spicy",TRUE,8801392037139,360,shopify,0,deny,manual,11.90,11.90,TRUE,8801392037139,6.63,active,O,O,O,-,Out of stock,Out of stock,Out of stock,Out of stock,KF,
CJ 비비고 떡볶이파우치(오리지날) 360g(CJ BiBiGo TteokbokkI Pouch(Original) 360g),CJ 비비고 떡볶이파우치(오리지날) 360g(CJ BiBiGo TteokbokkI Pouch(Original) 360g),"Instant Foods, Instant Noodles",TRUE,8801392037115,360,shopify,11,deny,manual,11.90,11.90,TRUE,8801392037115,0,active,O,O,O,-,2 Left,Out of stock,9 Left,Out of stock,,
CJ 비비고 떡볶이파우치(치즈) 360g(CJ BiBiGo TteokbokkI Pouch(Cheese) 360g),CJ 비비고 떡볶이파우치(치즈) 360g(CJ BiBiGo TteokbokkI Pouch(Cheese) 360g),"Instant Foods, Mild, Instant Noodles",TRUE,8801392042775,360,shopify,26,deny,manual,11.90,11.90,TRUE,8801392042775,0,active,O,O,O,-,4 Left,In stock,Out of stock,In stock,,
CJ 비비고 맛김치 1kg(CJ Mat Kimchi 1kg),CJ 비비고 맛김치 1kg(CJ Mat Kimchi 1kg),"Kimchi, Banchan",TRUE,8801007499024,1000,shopify,0,deny,manual,20.50,20.50,TRUE,8801007499024,14.4,active,O,O,,-,Out of stock,Out of stock,Out of stock,Out of stock,KF,
CJ 비비고 맛김치 파우치 500g(CJ Mat Kimchi 500g),CJ 비비고 맛김치 파우치 500g(CJ Mat Kimchi 500g),"Kimchi, Banchan",TRUE,8801007164311,500,shopify,0,deny,manual,10.50,10.50,TRUE,8801007164311,6.48,active,O,O,,-,Out of stock,Out of stock,Out of stock,Out of stock,KF,
CJ 비비고 미역국 500g(CJ Seaweed Soup 500g),CJ 비비고 미역국 500g(CJ Seaweed Soup 500g),Instant Foods,TRUE,807176711149,500,shopify,0,deny,manual,6.80,6.80,TRUE,807176711149,4.14,active,O,O,,-,Out of stock,Out of stock,Out of stock,Out of stock,KS,
CJ 비비고 버섯육개장 500g(CJ bibigo Spicy Mushroom Soup 500g),CJ 비비고 버섯육개장 500g(CJ bibigo Spicy Mushroom Soup 500g),"Instant Foods, Special",TRUE,807176710944,500,shopify,1,deny,manual,5.90,11.80,TRUE,807176710944,7.38,active,O,O,O,Expiration date: 02/07/2025,Out of stock,1 Left,Out of stock,Out of stock,KS,
CJ 비비고 버섯잡채 590g(CJ Bibigo Japchae with Mushroom 590g),CJ 비비고 버섯잡채 590g(CJ Bibigo Japchae with Mushroom 590g),"Frozen Foods, Instant Foods, Mild",TRUE,8801007814247,590,shopify,14,deny,manual,19.50,19.50,TRUE,8801007814247,10.75,active,O,O,O,-,6 Left,3 Left,3 Left,2 Left,KS,
CJ 하선정 비건 맛김치 단지 500g_1(CJ HSJ Vegan Kimchi(Jar) 500g_1),CJ 비비고 비건 맛김치 단지 500g_1(CJ Bibigo Vegan Kimchi(Jar) 500g_1),"Kimchi, Banchan, Vegan",TRUE,8801007955407,500,shopify,0,deny,manual,11.30,11.30,TRUE,8801007955407,0,active,O,O,,-,Out of stock,Out of stock,Out of stock,Out of stock,,
CJ 비비고 야채 왕교자 770g(CJ Bibigo Original Vegetable Dumpling 770g),CJ 비비고 야채 왕교자 770g(CJ Bibigo Original Vegetable Dumpling 770g),"Dumplings, Vegan",TRUE,8801007957944,770,shopify,43,deny,manual,23.90,23.90,TRUE,8801007957944,14.03,active,O,O,O,-,In stock,In stock,6 Left,6 Left,KS,
CJ 비비고 잡채왕교자 770g(CJ Bibigo Japchae Dumpling 770g),CJ 비비고 잡채왕교자 770g(CJ Bibigo Japchae Dumpling 770g),"Dumplings, Vegan, Mild",TRUE,8801007957869,770,shopify,26,deny,manual,23.90,23.90,TRUE,8801007957869,14.03,active,O,O,O,-,In stock,3 Left,9 Left,4 Left,KF,
CJ 비비고 전복죽 280g(CJ Bibigo Rice Porridge with Abalone 280g),CJ 비비고 전복죽 280g(CJ Bibigo Rice Porridge with Abalone 280g),Instant Foods,TRUE,807176720424,280,shopify,0,deny,manual,10.80,10.80,TRUE,807176720424,6.92,active,O,O,,-,Out of stock,Out of stock,Out of stock,Out of stock,KF,
CJ 비비고 총각김치 파우치 450G(CJ Bibigo Radish Kimchi 450G),CJ 비비고 총각김치 파우치 450G(CJ Bibigo Radish Kimchi 450G),"Kimchi, Banchan",TRUE,8801007921938,450,shopify,19,deny,manual,12.40,12.40,TRUE,8801007921938,8.28,active,O,O,,-,7 Left,5 Left,Out of stock,7 Left,KF,
CJ 비비고 치킨 왕교자 700g(CJ Bibigo Mandu(Chicken) 700g),CJ 비비고 치킨 왕교자 700g(CJ Bibigo Mandu(Chicken) 700g),"Dumplings, Mild, Special",TRUE,9360319000063,700,shopify,1,deny,manual,15.75,22.50,TRUE,9360319000063,0,active,O,O,O,Expiration date: 15/08/2025,Out of stock,1 Left,Out of stock,Out of stock,,
CJ 비비고 칩 오리지널 40G(CJ SEAWEED CHIP BROWN RICE 40G),CJ 비비고 칩 오리지널 40G(CJ SEAWEED CHIP BROWN RICE 40G),Snacks,TRUE,8801007761503,40,shopify,0,deny,manual,3.80,3.80,TRUE,8801007761503,2.52,active,O,O,,-,Out of stock,Out of stock,Out of stock,Out of stock,KS,
CJ 비비고 칩 포테이토 40G(CJ SEAWEED CHIP POTATO 40G),CJ 비비고 칩 포테이토 40G(CJ SEAWEED CHIP POTATO 40G),Snacks,TRUE,8801007761541,40,shopify,0,deny,manual,3.80,3.80,TRUE,8801007761541,2.52,active,O,O,,-,Out of stock,Out of stock,Out of stock,Out of stock,KS,
CJ BIBIGO 포기김치 3KG(CJ Whole Cabbage Kimchi 3KG),CJ 비비고 포기김치 3KG(CJ Whole Cabbage Kimchi 3KG),"Kimchi, Banchan",TRUE,8801392045011,3000,shopify,0,deny,manual,56.50,56.50,TRUE,8801392045011,37.7,active,O,O,,-,Out of stock,Out of stock,Out of stock,Out of stock,KF,
CJ 비비고 해물야채왕교자 805g(CJ Bibigo Vegetable&Seafood Dumpling 805g),CJ 비비고 해물야채왕교자 805g(CJ Bibigo Vegetable&Seafood Dumpling 805g),"Dumplings, Mild, Special",TRUE,8801007849232,805,shopify,11,deny,manual,19.12,23.90,TRUE,8801007849232,14.03,active,O,O,O,Expiration date: 06/10/2025,5 Left,6 Left,Out of stock,Out of stock,KF,
CJ 비비고 햇바삭김 불고기 5g*3(CJ bibigo Crispy Seaweed Snack(Bulgogi) 5g*3),CJ 비비고 햇바삭김 불고기 5g*3(CJ bibigo Crispy Seaweed Snack(Bulgogi) 5g*3),"Seaweed, Snacks",TRUE,807176706428,15,shopify,0,deny,manual,4.90,4.90,TRUE,807176706428,2.70,active,O,O,,-,Out of stock,Out of stock,Out of stock,Out of stock,CFC,
CJ 비비고 햇바삭김 와사비 5g*3(CJ bibigo Crispy Seaweed Snack(Wasabi) 5g*3),CJ 비비고 햇바삭김 와사비 5g*3(CJ bibigo Crispy Seaweed Snack(Wasabi) 5g*3),"Seaweed, Snacks",TRUE,807176706404,15,shopify,0,deny,manual,4.90,4.90,TRUE,807176706404,2.70,active,O,O,,-,Out of stock,Out of stock,Out of stock,Out of stock,CFC,
CJ 빵가루 450g(CJ Bread Crumbs 450g),CJ 빵가루 450g(CJ Bread Crumbs 450g),Powder,TRUE,8801007648309,450,shopify,0,deny,manual,8.10,8.10,TRUE,8801007648309,4.46,active,O,O,,-,Out of stock,Out of stock,Out of stock,Out of stock,KF,
CJ 쁘띠첼미초(깔라만시) 900ml(CJ Vinegar Drink(Calamansi) 900ml),CJ 쁘띠첼미초(깔라만시) 900ml(CJ Vinegar Drink(Calamansi) 900ml),"Cordials, Cafe, Vegan",TRUE,8801007618104,900,shopify,0,deny,manual,14.50,14.50,TRUE,8801007618104,8.17,active,O,O,O,-,Out of stock,Out of stock,Out of stock,Out of stock,CFC,
CJ 쁘띠첼미초(석류) 900ml(CJ Vinegar Drink(Pomegranate) 900ml),CJ 쁘띠첼미초(석류) 900ml(CJ Vinegar Drink(Pomegranate) 900ml),"Cordials, Cafe, Vegan",TRUE,8801007274270,900,shopify,15,deny,manual,14.50,14.50,TRUE,8801007274270,8.17,active,O,O,O,-,7 Left,2 Left,2 Left,4 Left,CFC,
CJ 쁘띠첼미초(청포도) 900ml(CJ Vinegar Drink(Green Grape) 900ml),CJ 쁘띠첼미초(청포도) 900ml(CJ Vinegar Drink(Green Grape) 900ml),"Cordials, Cafe, Vegan",TRUE,8801007319520,900,shopify,20,deny,manual,14.50,14.50,TRUE,8801007319520,8.17,active,O,O,O,-,6 Left,6 Left,5 Left,3 Left,CFC,
CJ 쁘띠첼미초(파인애플) 900ml(CJ Vinegar Drink(Pineapple) 900ml),CJ 쁘띠첼미초(파인애플) 900ml(CJ Vinegar Drink(Pineapple) 900ml),"Cordials, Cafe, Vegan",TRUE,8801007549385,900,shopify,7,deny,manual,14.50,14.50,TRUE,8801007549385,8.17,active,O,O,O,-,3 Left,1 Left,1 Left,2 Left,CFC,
CJ 쁘티첼 요거젤리 딸기 210g(CJ Petitzel Yogurjelly Strawberry 210g),CJ 쁘티첼 요거젤리 딸기 210g(CJ Petitzel Yogurjelly Strawberry 210g),Confectionaries,TRUE,8801007010496,210,shopify,0,deny,manual,4.99,4.99,TRUE,8801007010496,3.53,active,O,O,,-,Out of stock,Out of stock,Out of stock,Out of stock,KF,
CJ 쁘티첼 요거젤리 밀감 210g(CJ Petitzel Yogurjelly Tangerine 210g),CJ 쁘티첼 요거젤리 밀감 210g(CJ Petitzel Yogurjelly Tangerine 210g),Confectionaries,TRUE,8801007010489,210,shopify,0,deny,manual,4.99,4.99,TRUE,8801007010489,3.53,active,O,O,,-,Out of stock,Out of stock,Out of stock,Out of stock,KF,
CJ 쁘티첼 요거젤리 복숭아 210g(CJ Petitzel Yogurjelly Peach 210g),CJ 쁘티첼 요거젤리 복숭아 210g(CJ Petitzel Yogurjelly Peach 210g),Confectionaries,TRUE,8801007019017,210,shopify,0,deny,manual,4.99,4.99,TRUE,8801007019017,3.53,active,O,O,,-,Out of stock,Out of stock,Out of stock,Out of stock,KF,
CJ 사누끼우동면 230G*5(CJ SANUKI UDON NOODLE 230G*5),CJ 사누끼우동면 230G*5(CJ SANUKI UDON NOODLE 230G*5),"Frozen Foods, Noodles",TRUE,807176707388,1150,shopify,13,deny,manual,9.30,9.30,TRUE,807176707388,4.36,active,O,O,,-,1 Left,3 Left,6 Left,3 Left,KF,
CJ 새우볶음밥 255g*2(CJ Shrimp Fried Rice 255g*2),CJ 새우볶음밥 255g*2(CJ Shrimp Fried Rice 255g*2),"Frozen Foods, Rice, Mild",TRUE,807176713280,510,shopify,0,deny,manual,16.30,16.30,TRUE,807176713280,9.58,active,O,O,O,-,Out of stock,Out of stock,Out of stock,Out of stock,KFBW,
CJ 쇠고기 다시다(명품) 250g(CJ Beef Stock Powder(Gold) 250g),CJ 쇠고기 다시다(명품) 250g(CJ Beef Stock Powder(Gold) 250g),Stock,TRUE,807176709986,250,shopify,29,deny,manual,9.30,9.30,TRUE,807176709986,5.89,active,O,O,O,-,3 Left,In stock,7 Left,8 Left,CFC,
CJ 쇠고기다시다 1kg(CJ Beef Stock Powder 1kg),CJ 쇠고기다시다 1kg(CJ Beef Stock Powder 1kg),Stock,TRUE,8801007564760,1000,shopify,8,deny,manual,26.50,26.50,TRUE,8801007564760,17.67,active,O,O,,-,1 Left,3 Left,3 Left,1 Left,KF,
CJ 쇠고기다시다(명품) 100g(CJ Beef Stock Powder(Gold) 100g),CJ 쇠고기다시다(명품) 100g(CJ Beef Stock Powder(Gold) 100g),Stock,TRUE,807176710005,100,shopify,15,deny,manual,4.50,4.50,TRUE,807176710005,2.73,active,O,O,O,-,2 Left,5 Left,5 Left,3 Left,CFC,
CJ 썰은 김치 1kg(CJ Sliced Kimchi 1kg),CJ 썰은 김치 1kg(CJ Sliced Kimchi 1kg),"Kimchi, Banchan",TRUE,6921524182147,1000,shopify,0,deny,manual,12.70,12.70,TRUE,6921524182147,7.95,active,O,O,,-,Out of stock,Out of stock,Out of stock,Out of stock,KF,
CJ 썰은 김치 500g(CJ Sliced Kimchi 500g),CJ 썰은 김치 500g(CJ Sliced Kimchi 500g),"Kimchi, Banchan",TRUE,6921524182130,500,shopify,0,deny,manual,7.20,7.20,TRUE,6921524182130,4.44,active,O,O,,-,Out of stock,Out of stock,Out of stock,Out of stock,KF,
CJ 열무김치 450G(CJ BIBIGO YOUNG RADISH KIMCHI 450G),CJ 열무김치 450G(CJ BIBIGO YOUNG RADISH KIMCHI 450G),"Kimchi, Banchan",TRUE,8801392062094,450,shopify,31,deny,manual,11.90,11.90,TRUE,8801392062094,6.9,active,O,O,,-,7 Left,In stock,5 Left,9 Left,KF,
CJ 통새우만두 200G(CJ BIBIGO Mandu Whole Shrimp),CJ 통새우만두 200G(CJ BIBIGO Mandu Whole Shrimp),"Frozen Foods, New, Special",TRUE,8935297104464,200,shopify,76,deny,manual,6.75,7.50,TRUE,8935297104464,4.5,active,O,O,,Expiration date: 17/02/2026,In stock,In stock,In stock,In stock,KF,
CJ 포기김치 5KG(CJ Pogi Kimchi 5KG),CJ 포기김치 5KG(CJ Pogi Kimchi 5KG),"Kimchi, Banchan",TRUE,6921524180785,5000,shopify,0,deny,manual,32.50,32.50,TRUE,6921524180785,19.99,active,O,O,,-,Out of stock,Out of stock,Out of stock,Out of stock,KF,
CJ 프리미엄 굴소스 500G(CJ PREMIUM OYSTER SAUCE 500G),CJ 프리미엄 굴소스 500G(CJ PREMIUM OYSTER SAUCE 500G),Sauces,TRUE,8801007683485,500,shopify,0,deny,manual,14.90,14.90,TRUE,8801007683485,6.66,active,O,O,,-,Out of stock,Out of stock,Out of stock,Out of stock,KS,
CJ 해찬들 고기전용쌈장 450g(CJ Seasoned SoyBean Paste 450g),CJ 해찬들 고기전용쌈장 450g(CJ Seasoned SoyBean Paste 450g),"Paste, BBQ",TRUE,8801007053134,450,shopify,0,deny,manual,7.80,7.80,TRUE,8801007053134,5.15,active,O,O,O,-,Out of stock,Out of stock,Out of stock,Out of stock,KF,
CJ 해찬들 바지락꽃게 된장찌개 450g(CJ Soybean Paste For Stew 450g),CJ 해찬들 바지락꽃게 된장찌개 450g(CJ Soybean Paste For Stew 450g),"Broth, Special",TRUE,8801007053509,450,shopify,2,deny,manual,6.88,8.60,TRUE,8801007053509,5.7,active,O,O,,Expiration date: 25/08/2025,Out of stock,Out of stock,2 Left,Out of stock,KF,
CJ 해찬들 사계절쌈장 170g(CJ Seasoned S/B Paste(BBQ) 170g),CJ 해찬들 사계절쌈장 170g(CJ Seasoned Soy Bean Paste(BBQ) 170g),"Paste, BBQ",TRUE,8801007052816,170,shopify,66,deny,manual,2.99,2.99,TRUE,8801007052816,1.50,active,O,O,O,-,In stock,8 Left,In stock,In stock,CFC,
CJ 해찬들 사계절쌈장 500g(CJ Seasoned S/B Paste(BBQ) 500g),CJ 해찬들 사계절쌈장 500g(CJ Seasoned Soy Bean Paste(BBQ) 500g),"Paste, BBQ",TRUE,8801007052854,500,shopify,45,deny,manual,5.70,5.70,TRUE,8801007052854,3.00,active,O,O,O,-,In stock,8 Left,In stock,In stock,CFC,
CJ 해찬들 사과듬뿍 비빔장(비빔국수용) 290g(CJ Chilli Sauce For Noodles 290g),CJ 해찬들 사과듬뿍 비빔장(비빔국수용) 290g(CJ Chilli Sauce For Noodles 290g),"Sauces, Cold",TRUE,8801007406602,290,shopify,0,deny,manual,6.40,6.40,TRUE,8801007406602,3.98,active,O,O,O,-,Out of stock,Out of stock,Out of stock,Out of stock,KF,
CJ 해찬들 순한맛 골드고추장 1kg(CJ Chilli Paste(Mild) 1kg),CJ 해찬들 순한맛 골드고추장 1kg(CJ Chilli Paste(Mild) 1kg),Paste,TRUE,807176710722,1000,shopify,0,deny,manual,13.90,13.90,TRUE,807176710722,0,active,O,O,,-,Out of stock,Out of stock,Out of stock,Out of stock,,
CJ 해찬들 순한맛 골드고추장 500G(CJ Chilli Paste(Mild) 500g),CJ 해찬들 순한맛 골드고추장 500G(CJ Chilli Paste(Mild) 500g),Paste,TRUE,807176710708,500,shopify,0,deny,manual,7.40,7.40,TRUE,807176710708,0,active,O,O,,-,Out of stock,Out of stock,Out of stock,Out of stock,,
CJ 해찬들 재래식된장 1kg(CJ Soybean Paste 1kg),CJ 해찬들 재래식된장 1kg(CJ Soybean Paste 1kg),"Paste, Special",TRUE,8801007053394,1000,shopify,1,deny,manual,11.69,12.99,TRUE,8801007053394,5.66,active,O,O,,Expiration date: 03/12/2025,Out of stock,1 Left,Out of stock,Out of stock,KF,
CJ 해찬들 재래식된장 500g(CJ Soybean Paste 500g),CJ 해찬들 재래식된장 500g(CJ Soybean Paste 500g),Paste,TRUE,8801007053349,500,shopify,0,deny,manual,6.70,6.70,TRUE,8801007053349,2.63,active,O,O,,-,Out of stock,Out of stock,Out of stock,Out of stock,KF,
CJ 해찬들 태양초 골드고추장 1kg-1(CJ Chilli Paste 1kg-1),CJ 해찬들 태양초 골드고추장 1kg-1(CJ Chilli Paste 1kg-1),Paste,TRUE,8801007166599,1000,shopify,7,deny,manual,13.80,13.80,TRUE,8801007166599,7.92,active,O,O,,-,3 Left,Out of stock,4 Left,Out of stock,KF,
CJ 해찬들 태양초 골드고추장 200G(CJ Chilli Paste 200G),CJ 해찬들 태양초 골드고추장 200G(CJ Chilli Paste 200G),Paste,TRUE,8801007166421,200,shopify,28,deny,manual,3.70,3.70,TRUE,8801007166421,1.88,active,O,O,,-,9 Left,In stock,7 Left,2 Left,KF,
CJ 해찬들 태양초 골드고추장 500g(CJ Chilli Paste 500g),CJ 해찬들 태양초 골드고추장 500g(CJ Chilli Paste 500g),Paste,TRUE,8801007166452,500,shopify,3,deny,manual,7.40,7.40,TRUE,8801007166452,4.54,active,O,O,,-,Out of stock,3 Left,Out of stock,Out of stock,KF,
CJ 해찬들 태양초 골드매운고추장 500g(CJ Chilli Paste(Spicy) 500g),CJ 해찬들 태양초 골드매운고추장 500g(CJ Chilli Paste(Spicy) 500g),"Paste, Spicy",TRUE,8801007166490,500,shopify,0,deny,manual,7.90,7.90,TRUE,8801007166490,4.95,active,O,O,,-,Out of stock,Out of stock,Out of stock,Out of stock,CFC,
CJO 쇠고기 진국다시 1kg(CJO Beef Stock Powder 1kg),CJO 쇠고기 진국다시 1kg(CJO Beef Stock Powder 1kg),Stock,TRUE,8801052742274,1000,shopify,15,deny,manual,19.70,19.70,TRUE,8801052742274,8.90,active,O,O,,-,5 Left,5 Left,3 Left,2 Left,CFC,
GF 오징어채 진미 170G(GF Shredded Squid 170G),GF 오징어채 진미 170G(GF Shredded Squid 170G),"Frozen Foods, Dried, Seafood",TRUE,112005330,170,shopify,0,deny,manual,13.90,13.90,TRUE,112005330,9.67,active,O,O,,-,Out of stock,Out of stock,Out of stock,Out of stock,CFC,
GF 황태채 170G(GF Dried Pollack Strip 170G),GF 황태채 170G(GF Dried Pollack Strip 170G),"Fresh Foods, Dried, Seafood",TRUE,112005329,170,shopify,0,deny,manual,22.90,22.90,TRUE,112005329,16.00,active,O,O,,-,Out of stock,Out of stock,Out of stock,Out of stock,CFC,
JFC Sesame Oil with Chilli Layu 33ml(JFC Sesame Oil with Chilli Layu 33ml),JFC Sesame Oil with Chilli Layu 33ml(JFC Sesame Oil with Chilli Layu 33ml),Oil,TRUE,49715286,33,shopify,0,deny,manual,4.50,4.50,TRUE,49715286,2.42,active,O,O,,-,Out of stock,Out of stock,Out of stock,Out of stock,JFC,
JWay 햇살긴 유자효차 1kg(JWay Critron-YUZU Tea 1kg),JWay 햇살긴 유자효차 1kg(JWay Critron-YUZU Tea 1kg),Juices,TRUE,8809285299138,1000,shopify,0,deny,manual,19.99,19.99,TRUE,8809285299138,0,active,O,O,,-,Out of stock,Out of stock,Out of stock,Out of stock,,
LA 갈비 800g(Beef Short Ribs LA Cut 800g),LA 갈비 800g(Beef Short Ribs LA Cut 800g),Meat,TRUE,100211067,800,shopify,39,deny,manual,32.50,32.50,TRUE,100211067,29.00,active,O,O,O,-,In stock,8 Left,8 Left,In stock,HGW,
Margaret River Natural Spring Water 600ml(Margaret River Natural Spring Water 600ml),Margaret River Natural Spring Water 600ml(Margaret River Natural Spring Water 600ml),Water,TRUE,9324315009031,600,shopify,0,deny,manual,2.00,2.00,TRUE,9324315009031,1.20,active,O,O,O,-,Out of stock,Out of stock,Out of stock,Out of stock,CFC,
MC 모찌 아이스크림 검은깨 3P(MC MOCHI ICE CREAM BLACK SESAME 3P),MC 모찌 아이스크림 검은깨 3P(MC MOCHI ICE CREAM BLACK SESAME 3P),Ice Cream,TRUE,788362996529,50,shopify,18,deny,manual,9.90,9.90,TRUE,788362996529,5.45,active,O,O,O,-,4 Left,4 Left,8 Left,2 Left,Mochi Co,
MC 모찌 아이스크림 마차 3P(MC MOCHI ICE CREAM MATCHA 3P),MC 모찌 아이스크림 마차 3P(MC MOCHI ICE CREAM MATCHA 3P),Ice Cream,TRUE,788362996536,50,shopify,10,deny,manual,9.90,9.90,TRUE,788362996536,5.45,active,O,O,O,-,2 Left,4 Left,4 Left,Out of stock,Mochi Co,
MC 모찌 아이스크림 망고 3P(MC MOCHI ICE CREAM MANGO 3P),MC 모찌 아이스크림 망고 3P(MC MOCHI ICE CREAM MANGO 3P),Ice Cream,TRUE,788362996543,50,shopify,3,deny,manual,9.90,9.90,TRUE,788362996543,6,active,O,O,O,-,Out of stock,3 Left,Out of stock,Out of stock,MC,
MC 모찌 아이스크림 믹스 3P(MC MOCHI ICE CREAM MIXED 3P),MC 모찌 아이스크림 믹스 3P(MC MOCHI ICE CREAM MIXED 3P),Ice Cream,TRUE,788362996550,50,shopify,8,deny,manual,9.90,9.90,TRUE,788362996550,6,active,O,O,O,-,Out of stock,8 Left,Out of stock,Out of stock,MC,
MC 모찌 아이스크림 쿠키앤크림 1P(MC MOCHI ICE CREAM COOKIES&CREAM 1P),MC 모찌 아이스크림 쿠키앤크림 1P(MC MOCHI ICE CREAM COOKIES&CREAM 1P),Ice Cream,TRUE,792671547310,20,shopify,42,deny,manual,3.99,3.99,TRUE,792671547310,2.5,active,O,O,,-,7 Left,In stock,In stock,9 Left,MC,
Natural Bag 300*180*550mm(Natural Bag 300*180*550mm),Natural Bag 300*180*550mm(Natural Bag 300*180*550mm),Home Supplies,TRUE,692359976564,10,shopify,1008,deny,manual,0.50,0.50,TRUE,692359976564,0.25,active,O,O,,-,In stock,In stock,In stock,In stock,CFC,
S&K GLOBAL 도라에몽 솜사탕 12G(S&K DORAEMON COTTON CANDY 12g),S&K GLOBAL 도라에몽 솜사탕 12G(S&K DORAEMON COTTON CANDY 12g),"Confectionaries, Kids",TRUE,8809240930250,12,shopify,24,deny,manual,3.99,3.99,TRUE,8809240930250,2.37,active,O,O,,-,6 Left,Out of stock,In stock,8 Left,CFC,
SH 부탄가스 PACK(SunHorse Butane Gas),SH 부탄가스 PACK(SunHorse Butane Gas),"Home Supplies, BBQ",TRUE,9327072040248,220,shopify,6,deny,manual,13.90,13.90,TRUE,9327072040248,7.07,active,O,O,O,-,Out of stock,3 Left,3 Left,Out of stock,KS,
Tbest 알로에 오리지널 1.5L(Tbest Aloe Vera Original 1.5L),Tbest 알로에 오리지널 1.5L(Tbest Aloe Vera Original 1.5L),"Juices, Special",TRUE,8809111635116,1500,shopify,111,deny,manual,5.99,6.99,TRUE,8809111635116,4.33,active,O,O,,Expiration date: 03/10/2026,In stock,In stock,In stock,In stock,CFC,
Tbest 알로에 오리지널 500ML(Tbest Aloe Vera Original 500ML),Tbest 알로에 오리지널 500ML(Tbest Aloe Vera Original 500ML),"Juices, Special",TRUE,8809111635109,500,shopify,107,deny,manual,2.99,3.90,TRUE,8809111635109,2.00,active,O,O,,Expiration date: 06/10/2026,In stock,In stock,In stock,In stock,CFC,
간장 돼지불고기 500g(Pork Bulgogi non-spicy 500g),간장 돼지불고기 500g(Pork Bulgogi non-spicy 500g),"Meat, Mild, Special",TRUE,111003034,500,shopify,15,deny,manual,10.24,12.80,TRUE,111003034,10.50,active,O,O,O,Expiration date: 21/04/2026,Out of stock,Out of stock,Out of stock,In stock,HGW,
강남막걸리 복숭아막걸리 750ml(GN Rice Wine Peach 750ml),강남막걸리 복숭아막걸리 750ml(GN Rice Wine Peach 750ml),"Liquor, Special",TRUE,8809245625250,750,shopify,1,deny,manual,8.99,10.90,TRUE,8809245625250,5.5,active,O,O,,Expiration date: 01/09/2025,1 Left,Out of stock,Out of stock,Out of stock,유성,
강남막걸리 요거트막걸리 750ml(GN Rice Wine Yogurt 750ml),강남막걸리 요거트막걸리 750ml(GN Rice Wine Yogurt 750ml),"Liquor, Special",TRUE,8809245625243,750,shopify,1,deny,manual,8.99,10.90,TRUE,8809245625243,5.5,active,O,O,,Expiration date: 01/09/2025,1 Left,Out of stock,Out of stock,Out of stock,유성,
강화희망쌀 찹쌀 1KG(GangHwa Korean Glutinous Rice 1KG),강화희망쌀 찹쌀 1KG(GangHwa Korean Glutinous Rice 1KG),Rice,TRUE,112005353,1000,shopify,1,deny,manual,19.70,19.70,TRUE,112005353,11.58,active,O,O,O,-,Out of stock,1 Left,Out of stock,Out of stock,KF,
강화희망쌀 흑미 1KG(GangHwa Korean Black Rice 1KG),강화희망쌀 흑미 1KG(GangHwa Korean Black Rice 1KG),Rice,TRUE,112005402,1000,shopify,1,deny,manual,25.50,25.50,TRUE,112005402,14.29,active,O,O,O,-,Out of stock,Out of stock,1 Left,Out of stock,KF,
개성 순도미살 어묵 750g(KS Fish Ball(Snapper) 750g),개성 순도미살 어묵 750g(KS Fish Ball(Snapper) 750g),Frozen Foods,TRUE,9555123703839,750,shopify,2,deny,manual,15.60,15.60,TRUE,9555123703839,80.00,active,O,O,,-,Out of stock,Out of stock,2 Left,Out of stock,CFC,
경주법주 700ml(GB Beopju 700ml),경주법주 700ml(GB Beopju 700ml),Liquor,TRUE,8801079524105,700,shopify,3,deny,manual,28.80,28.80,TRUE,8801079524105,19.25,active,O,O,,-,2 Left,Out of stock,1 Left,Out of stock,유성,
경주법주 쌀막걸리 750ml(GB Rice Wine Original 750ml),경주법주 쌀막걸리 750ml(GB Rice Wine Original 750ml),"Liquor, Special",TRUE,8801079706600,750,shopify,7,deny,manual,8.50,9.90,TRUE,8801079706600,4.68,active,O,O,,Expiration date: 18/11/2025,7 Left,Out of stock,Out of stock,Out of stock,유성,
고급 빨강가위(Premium Scissor(Red)),고급 빨강가위(Premium Scissor(Red)),"Kitchen and Dining, Home Supplies, BBQ",TRUE,8809030360502,100,shopify,53,deny,manual,4.50,4.50,TRUE,8809030360502,2.80,active,O,O,,-,In stock,In stock,In stock,6 Left,,
고려원 고려 인삼차 30포(GRW Korean Ginseng Tea 3g*30),고려원 고려 인삼차 30포(GRW Korean Ginseng Tea 3g*30),Tea,TRUE,8803937061135,900,shopify,10,deny,manual,7.20,7.20,TRUE,8803937061135,4.78,active,O,O,,-,4 Left,1 Left,2 Left,3 Left,KF,
고려인삼차 3g*100T(Ginseng Tea 3g*100T),고려인삼차 3g*100T(Ginseng Tea 3g*100T),"Tea, Special",TRUE,8801956002054,300,shopify,23,deny,manual,17.50,19.50,TRUE,8801956002054,13.00,active,O,O,O,Expiration date: 02/05/2027,9 Left,7 Left,Out of stock,7 Left,CFC,
고창복분자 복분자주 375ml(GCB Black Raspberry Wine 375ml),고창복분자 복분자주 375ml(GCB Black Raspberry Wine 375ml),"Liquor, Special",TRUE,8809106481070,375,shopify,13,deny,manual,15.50,17.90,TRUE,8809106481070,11,active,O,O,,-,In stock,Out of stock,2 Left,Out of stock,유성,
골드키위 젤리 320G(TOP FRUIT FUZZY GOLD KIWI 320G),골드키위 젤리 320G(TOP FRUIT FUDGE GOLDEN KIWI 320G),Confectionaries,TRUE,4897099703396,320,shopify,26,deny,manual,7.99,7.99,TRUE,4897099703396,4.79,active,O,O,,-,5 Left,4 Left,8 Left,9 Left,,
광동 돼지감자차 500ML(KD Jerusalem Artichoke Tea 500ML),광동 돼지감자차 500ML(KD Jerusalem Artichoke Tea 500ML),Tea,TRUE,8806002017976,500,shopify,59,deny,manual,3.50,3.50,TRUE,8806002017976,2.13,active,O,O,O,-,In stock,In stock,In stock,In stock,CFC,
광동 밀싹보리차 1.5L(KD Barley Sprout Tea 1.5L),광동 밀싹보리차 1.5L(KD Barley Sprout Tea 1.5L),Tea,TRUE,8806002020181,1500,shopify,16,deny,manual,5.99,5.99,TRUE,8806002020181,3.50,active,O,O,O,-,7 Left,Out of stock,4 Left,5 Left,CFC,
광동 밀싹보리차 500ML(KD Barley Sprout Tea 500ML),광동 밀싹보리차 500ML(KD Barley Sprout Tea 500ML),Tea,TRUE,8806002020174,500,shopify,0,deny,manual,3.50,3.50,TRUE,8806002020174,2.00,active,O,O,O,-,Out of stock,Out of stock,Out of stock,Out of stock,CFC,
광동 비타500 100ml(KD Vita 500 100ml)[SINGLE],광동 비타500 100ml(KD Vita 500 100ml)[SINGLE],"Energy Drinks, Health and Personal Care",TRUE,8806002001845,100,shopify,39,deny,manual,1.60,1.60,TRUE,8806002001845,0.84,active,O,O,O,-,In stock,5 Left,8 Left,9 Left,CFC,1.506276151
광동 비타500 100ml*10(KD Vita 500 100ml*10)[MULTI],광동 비타500 100ml*10(KD Vita 500 100ml*10)[MULTI],"Energy Drinks, Health and Personal Care",TRUE,8806002001852,1000,shopify,58,deny,manual,13.90,13.90,TRUE,8806002001852,8.40,active,O,O,O,-,In stock,In stock,In stock,In stock,CFC,
광동 생강쌍화 120ml(KD Ginger Herb Tonic Tea)[SINGLE],광동 생강쌍화 120ml(KD Ginger Herb Tonic Tea)[SINGLE],"Energy Drinks, Health and Personal Care",TRUE,8806002008677,120,shopify,0,deny,manual,2.50,2.50,TRUE,8806002008677,0,active,O,O,,-,Out of stock,Out of stock,Out of stock,Out of stock,,
광동 생강쌍화 120ml*10(KD Ginger Herb Tonic Tea BOX)[MULTI],광동 생강쌍화 120ml*10(KD Ginger Herb Tonic Tea BOX)[MULTI],"Energy Drinks, Health and Personal Care",TRUE,8806002008684,1200,shopify,0,deny,manual,22.00,22.00,TRUE,8806002008684,13,active,O,O,,-,Out of stock,Out of stock,Out of stock,Out of stock,KS,
광동 쌍화골드 100ml(KD Herb Tonic Tea 100ml)[SINGLE],광동 쌍화골드 100ml(KD Herb Tonic Tea 100ml)[SINGLE],"Energy Drinks, Health and Personal Care",TRUE,8806002000893,100,shopify,28,deny,manual,2.50,2.50,TRUE,8806002000893,1.28,active,O,O,,-,7 Left,In stock,5 Left,4 Left,,
광동 쌍화골드 100ml*10(KD Herb Tonic Tea 100ml*10)[MULTI],광동 쌍화골드 100ml*10(KD Herb Tonic Tea 100ml*10)[MULTI],"Energy Drinks, Health and Personal Care",TRUE,8806002000909,1000,shopify,41,deny,manual,22.00,22.00,TRUE,8806002000909,13.75,active,O,O,,-,In stock,In stock,7 Left,6 Left,KS,
광동 쌍화탕 100ml(KD SsangHwaTang 100ml)[SINGLE],광동 쌍화탕 100ml(KD SsangHwaTang 100ml)[SINGLE],"Energy Drinks, Health and Personal Care",TRUE,112005050,100,shopify,5,deny,manual,2.50,2.50,TRUE,112005050,0,active,O,O,,-,Out of stock,Out of stock,2 Left,3 Left,,
광동 쌍화탕 100ml*10(KD SsangHwaTang 100ml*10)[MULTI],광동 쌍화탕 100ml*10(KD SsangHwaTang 100ml*10)[MULTI],"Energy Drinks, Health and Personal Care",TRUE,18806418005212,1000,shopify,0,deny,manual,22.00,22.00,TRUE,18806418005212,13.75,active,O,O,,-,Out of stock,Out of stock,Out of stock,Out of stock,KS,
광동 옥수수 수염차 1.5L(KD Corn Silk Tea 1.5L),광동 옥수수 수염차 1.5L(KD Corn Silk Tea 1.5L),Tea,TRUE,8806002005805,1500,shopify,0,deny,manual,5.90,5.90,TRUE,8806002005805,3.58,active,O,O,O,-,Out of stock,Out of stock,Out of stock,Out of stock,CFC,
광동 옥수수 수염차 500mL(KD Corn Silk Tea 500mL),광동 옥수수 수염차 500mL(KD Corn Silk Tea 500mL),Tea,TRUE,8806002006437,500,shopify,75,deny,manual,3.50,3.50,TRUE,8806002006437,2.15,active,O,O,O,-,In stock,In stock,In stock,8 Left,CFC,
광동 제주 삼다수 2L(KD Jeju Samdasu Water 2L),광동 제주 삼다수 2L(KD Jeju Samdasu Water 2L),Water,TRUE,8808244201045,2000,shopify,64,deny,manual,5.50,5.50,TRUE,8808244201045,3.17,active,O,O,O,-,In stock,In stock,In stock,In stock,,
광동 제주 삼다수 500ml(KD Jeju Samdasu Water 500ml),광동 제주 삼다수 500ml(KD Jeju Samdasu Water 500ml),Water,TRUE,8808244201014,500,shopify,123,deny,manual,1.90,1.90,TRUE,8808244201014,1.20,active,O,O,O,-,In stock,In stock,In stock,In stock,CFC,
광동 헛개나무차 1.5L(KD Raisin Tree Tea 1.5L),광동 헛개나무차 1.5L(KD Raisin Tree Tea 1.5L),Tea,TRUE,8806002009391,1500,shopify,13,deny,manual,5.90,5.90,TRUE,8806002009391,3.58,active,O,O,O,-,In stock,Out of stock,3 Left,Out of stock,CFC,
광동 헛개나무차 500ml(KD Raisin Tree Tea 500ml),광동 헛개나무차 500ml(KD Raisin Tree Tea 500ml),Tea,TRUE,8806002009957,500,shopify,121,deny,manual,3.50,3.50,TRUE,8806002009957,2.15,active,O,O,O,-,In stock,In stock,In stock,In stock,CFC,
광주요 화요 17 375ml(GJY HWAYO 17 375ml),광주요 화요 17 375ml(GJY HWAYO 17 375ml),Liquor,TRUE,8809158900321,375,shopify,2,deny,manual,35.90,35.90,TRUE,8809158900321,23.83,active,O,O,,-,1 Left,Out of stock,1 Left,Out of stock,유성,
국순당 딸기막걸리 750ml(KSD Rice Wine Strawberry 750ml),국순당 딸기막걸리 750ml(KSD Rice Wine Strawberry 750ml),"Liquor, New",TRUE,8802521212335,750,shopify,20,deny,manual,12.90,12.90,TRUE,8802521212335,7.15,active,O,O,,-,In stock,Out of stock,4 Left,Out of stock,유성,
국순당 명작 복분자 375ml(KSD Myungjak Korean Raspberry Wine 375ml),국순당 명작 복분자 375ml(KSD Myungjak Korean Raspberry Wine 375ml),"Liquor, New",TRUE,8809224170283,375,shopify,6,deny,manual,21.80,21.80,TRUE,8809224170283,14.12,active,O,O,O,-,4 Left,Out of stock,2 Left,Out of stock,유성,
국순당 바나나막걸리 750ml(KSD Rice Wine Banana 750ml),국순당 바나나막걸리 750ml(KSD Rice Wine Banana 750ml),"Liquor, New",TRUE,8802521894753,750,shopify,17,deny,manual,12.90,12.90,TRUE,8802521894753,7.33,active,O,O,,-,In stock,Out of stock,2 Left,Out of stock,유성,
국순당 바나나막걸리캔 350ml(KSD Rice Wine Banana Can 350ml),국순당 바나나막걸리캔 350ml(KSD Rice Wine Banana Can 350ml)[SINGLE],"Liquor, New",TRUE,8802521202350,350,shopify,12,deny,manual,10.50,10.50,TRUE,8802521202350,24.81,active,O,O,,-,7 Left,Out of stock,5 Left,Out of stock,유성,
국순당 바나나막걸리캔 350ml*6(KSD Rice Wine Banana Can 350ml*6),국순당 바나나막걸리캔 350ml*6(KSD Rice Wine Banana Can 350ml*6)[MULTI],"Liquor, New",TRUE,8802521203906,2100,shopify,8,deny,manual,38.00,38.00,TRUE,8802521203906,22.55,active,O,O,,-,5 Left,Out of stock,3 Left,Out of stock,유성,
국순당 복숭아막걸리캔 350ml(KSD Rice Wine Peach Can 350ml),국순당 복숭아막걸리캔 350ml(KSD Rice Wine Peach Can 350ml)[SINGLE],"Liquor, New",TRUE,8802521202343,350,shopify,9,deny,manual,10.50,10.50,TRUE,8802521202343,0,active,O,O,,-,7 Left,Out of stock,2 Left,Out of stock,,
국순당 복숭아막걸리캔 350ml*6(KSD Rice Wine Peach Can 350ml*6),국순당 복숭아막걸리캔 350ml*6(KSD Rice Wine Peach Can 350ml*6)[MULTI],"Liquor, New",TRUE,8802521203890,2100,shopify,6,deny,manual,38.00,38.00,TRUE,8802521203890,22,active,O,O,,-,3 Left,Out of stock,3 Left,Out of stock,유성,
국순당 쌀막걸리 750ml(KSD Rice Wine Original 750ml),국순당 쌀막걸리 750ml(KSD Rice Wine Original 750ml),"Liquor, Special",TRUE,8802521123266,750,shopify,7,deny,manual,7.99,9.00,TRUE,8802521123266,4.58,active,O,O,,Expiration date: 05/11/2025,Out of stock,Out of stock,7 Left,Out of stock,유성,
국순당 청포도막걸리 750ml(KSD Rice Wine White Grapes 750ml),국순당 청포도막걸리 750ml(KSD Rice Wine White Grapes 750ml),"Liquor, New",TRUE,8802521201551,750,shopify,12,deny,manual,12.90,12.90,TRUE,8802521201551,7.15,active,O,O,,-,In stock,Out of stock,2 Left,Out of stock,유성,
기린 미니 꿀호떡 400G(KR Mini Sweet Bun 400G),기린 미니 꿀호떡 400G(KR Mini Sweet Bun 400G),"Frozen Foods, Snacks, Bakery",TRUE,845502035019,400,shopify,0,deny,manual,7.90,7.90,TRUE,845502035019,5.30,active,O,O,O,-,Out of stock,Out of stock,Out of stock,Out of stock,CFC,
기린 빅단팥빵 300G(KR Bread Red Bean 300G),기린 빅단팥빵 300G(KR Bread Red Bean 300G),"Frozen Foods, Snacks, Bakery",TRUE,845502035026,300,shopify,2,deny,manual,6.90,6.90,TRUE,845502035026,4.64,active,O,O,O,-,Out of stock,Out of stock,2 Left,Out of stock,CFC,
기린 정통만쥬 300G(KR Bread Chestnut 300G),기린 정통만쥬 300G(KR Bread Chestnut 300G),"Frozen Foods, Snacks, Bakery",TRUE,845502035033,300,shopify,0,deny,manual,6.90,6.90,TRUE,845502035033,4.88,active,O,O,O,-,Out of stock,Out of stock,Out of stock,Out of stock,CFC,
김발(Bamboo Mat),김발(Bamboo Mat),Kitchen and Dining,TRUE,8809105110209,10,shopify,65,deny,manual,2.90,2.90,TRUE,8809105110209,1.80,active,O,O,,-,In stock,In stock,In stock,In stock,CFC,
김지순 홍어 190g(KJS Fermented Skate 190g),김지순 홍어 190g(KJS Fermented Skate 190g),"Seafood, New",TRUE,8809311421908,190,shopify,24,deny,manual,27.00,27.00,TRUE,8809311421908,24.00,active,O,O,O,-,8 Left,6 Left,5 Left,5 Left,CFC,
